0.000000000000000000e+00,0.000000000000000000e+00,0.000000000000000000e+00,0.000000000000000000e+00,0.000000000000000000e+00
-1.060937500000000000e+01,-1.515625000000000000e+00,-4.468750000000000000e+00,-3.609375000000000000e+00,1.250000000000000000e-01
-1.352343750000000000e+01,-3.164062500000000000e+00,-4.703125000000000000e+00,-8.324218750000000000e+00,2.382812500000000000e-01
-1.258984375000000000e+01,-2.589843750000000000e+00,-4.277343750000000000e+00,-7.488281250000000000e+00,3.593750000000000000e-01
-1.148828125000000000e+01,-2.363281250000000000e+00,-3.902343750000000000e+00,-6.832031250000000000e+00,3.281250000000000000e-01
-1.565625000000000000e+01,-4.328125000000000000e+00,-2.343750000000000000e+00,-6.703125000000000000e+00,3.476562500000000000e-01
-1.570703125000000000e+01,-2.621093750000000000e+00,-1.984375000000000000e+00,-6.242187500000000000e+00,4.570312500000000000e-01
-1.856640625000000000e+01,-3.578125000000000000e+00,-1.171875000000000000e+00,-6.226562500000000000e+00,5.429687500000000000e-01
-1.841015625000000000e+01,-2.046875000000000000e+00,-9.296875000000000000e-01,-5.855468750000000000e+00,5.585937500000000000e-01
-1.822265625000000000e+01,-5.390625000000000000e-01,-6.914062500000000000e-01,-5.468750000000000000e+00,6.484375000000000000e-01
-1.761328125000000000e+01,-3.132812500000000000e+00,-2.742187500000000000e+00,-4.257812500000000000e+00,7.148437500000000000e-01
-1.735156250000000000e+01,-1.203125000000000000e+00,-2.191406250000000000e+00,-3.949218750000000000e+00,8.242187500000000000e-01
-1.594140625000000000e+01,-4.726562500000000000e-01,-1.828125000000000000e+00,-3.433593750000000000e+00,9.257812500000000000e-01
-1.068750000000000000e+01,-8.984375000000000000e-01,-4.511718750000000000e+00,-2.789062500000000000e+00,9.687500000000000000e-01
-5.941406250000000000e+00,-1.398437500000000000e+00,-6.976562500000000000e+00,-2.250000000000000000e+00,9.296875000000000000e-01
-4.953125000000000000e+00,-3.355468750000000000e+00,-6.085937500000000000e+00,-1.773437500000000000e+00,9.726562500000000000e-01
-3.207031250000000000e+00,-6.171875000000000000e+00,-5.085937500000000000e+00,-2.523437500000000000e+00,1.042968750000000000e+00
-3.003906250000000000e+00,-7.226562500000000000e+00,-4.515625000000000000e+00,-2.097656250000000000e+00,6.250000000000000000e-02
-2.679687500000000000e+00,-7.859375000000000000e+00,-3.839843750000000000e+00,-1.648437500000000000e+00,1.523437500000000000e-01
-3.046875000000000000e-01,-8.859375000000000000e+00,-5.832031250000000000e+00,-2.070312500000000000e-01,2.343750000000000000e-01
3.007812500000000000e-01,-9.367187500000000000e+00,-5.054687500000000000e+00,-1.562500000000000000e-01,2.773437500000000000e-01
-1.664062500000000000e+00,-1.009375000000000000e+01,-3.894531250000000000e+00,-3.750000000000000000e-01,3.007812500000000000e-01
-1.832031250000000000e+00,-8.273437500000000000e+00,-3.132812500000000000e+00,-6.562500000000000000e-01,3.203125000000000000e-01
5.156250000000000000e-01,-1.212890625000000000e+01,-2.125000000000000000e+00,-1.535156250000000000e+00,4.492187500000000000e-01
6.718750000000000000e-01,-1.147265625000000000e+01,-1.796875000000000000e+00,-1.308593750000000000e+00,4.570312500000000000e-01
8.007812500000000000e-01,-1.003125000000000000e+01,-1.468750000000000000e+00,-1.085937500000000000e+00,5.273437500000000000e-01
1.589843750000000000e+00,-9.246093750000000000e+00,-1.058593750000000000e+00,-1.070312500000000000e+00,5.273437500000000000e-01
-9.843750000000000000e-01,-6.968750000000000000e+00,-6.523437500000000000e-01,-1.101562500000000000e+00,5.898437500000000000e-01
-8.984375000000000000e-01,-6.359375000000000000e+00,-5.937500000000000000e-01,-1.003906250000000000e+00,5.390625000000000000e-01
-4.765625000000000000e-01,-5.882812500000000000e+00,-2.460937500000000000e-01,-7.617187500000000000e-01,5.703125000000000000e-01
-2.460937500000000000e-01,-4.929687500000000000e+00,-5.078125000000000000e-02,-5.859375000000000000e-01,6.289062500000000000e-01
1.367187500000000000e-01,-3.656250000000000000e+00,6.406250000000000000e-01,-3.164062500000000000e-01,7.304687500000000000e-01
4.843750000000000000e-01,-3.445312500000000000e+00,-5.234375000000000000e-01,-2.265625000000000000e-01,7.773437500000000000e-01
4.414062500000000000e-01,-3.144531250000000000e+00,-4.765625000000000000e-01,-2.070312500000000000e-01,7.109375000000000000e-01
4.960937500000000000e-01,-5.742187500000000000e-01,-8.984375000000000000e-02,-3.281250000000000000e-01,7.578125000000000000e-01
4.531250000000000000e-01,-5.234375000000000000e-01,-8.203125000000000000e-02,-3.007812500000000000e-01,6.914062500000000000e-01
-1.484375000000000000e-01,-5.390625000000000000e-01,-1.058593750000000000e+00,7.890625000000000000e-01,7.421875000000000000e-01
-1.367187500000000000e-01,-4.921875000000000000e-01,-9.648437500000000000e-01,7.187500000000000000e-01,6.757812500000000000e-01
-1.296875000000000000e+00,-8.242187500000000000e-01,-1.457031250000000000e+00,1.578125000000000000e+00,7.265625000000000000e-01
-4.648437500000000000e-01,-1.238281250000000000e+00,-7.250000000000000000e+00,2.500000000000000000e-01,8.203125000000000000e-01
-3.632812500000000000e-01,-1.082031250000000000e+00,-8.492187500000000000e+00,1.054687500000000000e+00,8.437500000000000000e-01
-1.472656250000000000e+00,-2.050781250000000000e+00,-9.140625000000000000e+00,4.062500000000000000e-01,9.257812500000000000e-01
-2.234375000000000000e+00,1.953125000000000000e-02,-1.141796875000000000e+01,-2.851562500000000000e-01,9.843750000000000000e-01
-2.882812500000000000e+00,-1.746093750000000000e+00,-1.096484375000000000e+01,-7.617187500000000000e-01,9.765625000000000000e-01
-2.300781250000000000e+00,-9.218750000000000000e-01,-1.509765625000000000e+01,-2.343750000000000000e-02,1.062500000000000000e+00
-1.363281250000000000e+00,-3.105468750000000000e+00,-1.557421875000000000e+01,1.042968750000000000e+00,9.375000000000000000e-02
-2.054687500000000000e+00,-4.003906250000000000e+00,-1.524218750000000000e+01,3.906250000000000000e-01,1.953125000000000000e-01
-1.875000000000000000e+00,-3.652343750000000000e+00,-1.391015625000000000e+01,3.554687500000000000e-01,1.796875000000000000e-01
-1.710937500000000000e+00,-3.332031250000000000e+00,-1.269140625000000000e+01,3.242187500000000000e-01,1.640625000000000000e-01
-3.203125000000000000e+00,-9.453125000000000000e-01,-1.161328125000000000e+01,-5.468750000000000000e-01,2.578125000000000000e-01
-2.921875000000000000e+00,-8.632812500000000000e-01,-1.059765625000000000e+01,-5.000000000000000000e-01,2.343750000000000000e-01
-5.480468750000000000e+00,6.328125000000000000e-01,-1.157812500000000000e+01,4.804687500000000000e-01,3.867187500000000000e-01
-9.328125000000000000e+00,4.843750000000000000e-01,-1.139453125000000000e+01,-4.218750000000000000e-01,4.609375000000000000e-01
-7.183593750000000000e+00,1.316406250000000000e+00,-1.058593750000000000e+01,-4.179687500000000000e-01,5.781250000000000000e-01
-6.242187500000000000e+00,-1.171875000000000000e+00,-1.114453125000000000e+01,-2.578125000000000000e-01,5.742187500000000000e-01
-4.414062500000000000e+00,-3.046875000000000000e-01,-1.037109375000000000e+01,-3.125000000000000000e-01,6.015625000000000000e-01
-4.027343750000000000e+00,-2.773437500000000000e-01,-9.464843750000000000e+00,-2.851562500000000000e-01,5.507812500000000000e-01
-8.972656250000000000e+00,2.199218750000000000e+00,-8.277343750000000000e+00,-3.242187500000000000e-01,5.664062500000000000e-01
-8.187500000000000000e+00,0.000000000000000000e+00,-7.554687500000000000e+00,-2.968750000000000000e-01,5.156250000000000000e-01
-6.113281250000000000e+00,-2.343750000000000000e+00,-6.269531250000000000e+00,-6.757812500000000000e-01,6.093750000000000000e-01
-7.328125000000000000e+00,-3.578125000000000000e+00,-3.847656250000000000e+00,-5.703125000000000000e-01,5.859375000000000000e-01
-6.046875000000000000e+00,-2.812500000000000000e+00,-3.105468750000000000e+00,-8.320312500000000000e-01,6.601562500000000000e-01
-8.175781250000000000e+00,-1.285156250000000000e+00,-4.050781250000000000e+00,-8.593750000000000000e-02,7.265625000000000000e-01
-7.460937500000000000e+00,-1.171875000000000000e+00,-3.695312500000000000e+00,-7.812500000000000000e-02,6.640625000000000000e-01
-6.808593750000000000e+00,-1.070312500000000000e+00,-3.371093750000000000e+00,-7.031250000000000000e-02,6.054687500000000000e-01
-6.070312500000000000e+00,7.031250000000000000e-02,-2.808593750000000000e+00,-4.062500000000000000e-01,6.914062500000000000e-01
-5.320312500000000000e+00,5.781250000000000000e-01,-2.031250000000000000e+00,-2.148437500000000000e-01,7.578125000000000000e-01
-4.386718750000000000e+00,4.804687500000000000e-01,-6.304687500000000000e+00,-3.906250000000000000e-02,8.164062500000000000e-01
-4.003906250000000000e+00,4.375000000000000000e-01,-5.753906250000000000e+00,-3.515625000000000000e-02,7.460937500000000000e-01
-3.261718750000000000e+00,6.328125000000000000e-01,-7.109375000000000000e+00,3.125000000000000000e-01,7.265625000000000000e-01
-2.976562500000000000e+00,5.781250000000000000e-01,-6.488281250000000000e+00,2.851562500000000000e-01,6.640625000000000000e-01
-2.511718750000000000e+00,1.210937500000000000e-01,-5.781250000000000000e+00,3.554687500000000000e-01,6.523437500000000000e-01
-2.089843750000000000e+00,-2.968750000000000000e-01,-5.132812500000000000e+00,4.179687500000000000e-01,6.406250000000000000e-01
-1.656250000000000000e+00,-5.664062500000000000e-01,-4.527343750000000000e+00,5.234375000000000000e-01,7.109375000000000000e-01
-1.308593750000000000e+00,-9.218750000000000000e-01,-3.992187500000000000e+00,5.703125000000000000e-01,6.953125000000000000e-01
-2.476562500000000000e+00,-7.460937500000000000e-01,-3.035156250000000000e+00,6.289062500000000000e-01,6.796875000000000000e-01
-3.496093750000000000e+00,-4.765625000000000000e-01,-2.144531250000000000e+00,7.304687500000000000e-01,7.460937500000000000e-01
-2.941406250000000000e+00,-7.304687500000000000e-01,-1.800781250000000000e+00,8.085937500000000000e-01,8.046875000000000000e-01
-2.292968750000000000e+00,-6.367187500000000000e-01,-1.332031250000000000e+00,9.414062500000000000e-01,8.906250000000000000e-01
-1.890625000000000000e+00,-9.882812500000000000e-01,-1.074218750000000000e+00,9.531250000000000000e-01,8.593750000000000000e-01
-1.335937500000000000e+00,-8.710937500000000000e-01,-6.679687500000000000e-01,1.074218750000000000e+00,9.414062500000000000e-01
-8.281250000000000000e-01,-7.617187500000000000e-01,-2.968750000000000000e-01,2.031250000000000000e-01,1.015625000000000000e+00
-4.101562500000000000e-01,-7.734375000000000000e-01,2.734375000000000000e-02,3.398437500000000000e-01,7.812500000000000000e-02
-1.468750000000000000e+00,-1.757812500000000000e-01,8.046875000000000000e-01,5.273437500000000000e-01,2.265625000000000000e-01
-2.871093750000000000e+00,9.179687500000000000e-01,8.593750000000000000e-01,4.804687500000000000e-01,2.851562500000000000e-01
-2.277343750000000000e+00,7.578125000000000000e-01,1.082031250000000000e+00,5.937500000000000000e-01,3.398437500000000000e-01
-1.687500000000000000e+00,-1.261718750000000000e+00,-1.078125000000000000e+00,8.242187500000000000e-01,3.554687500000000000e-01
-9.765625000000000000e-01,-3.011718750000000000e+00,-5.625000000000000000e-01,1.050781250000000000e+00,4.023437500000000000e-01
-6.250000000000000000e-02,-2.609375000000000000e+00,-1.574218750000000000e+00,-3.125000000000000000e-02,4.140625000000000000e-01
5.976562500000000000e-01,-1.664062500000000000e+00,-1.015625000000000000e+00,-5.859375000000000000e-02,4.570312500000000000e-01
7.500000000000000000e-01,-1.925781250000000000e+00,-7.851562500000000000e-01,3.906250000000000000e-02,4.648437500000000000e-01
6.835937500000000000e-01,-1.757812500000000000e+00,-7.148437500000000000e-01,3.515625000000000000e-02,4.257812500000000000e-01
6.250000000000000000e-01,-1.605468750000000000e+00,-6.523437500000000000e-01,3.125000000000000000e-02,3.867187500000000000e-01
-2.343750000000000000e-02,-8.085937500000000000e-01,2.343750000000000000e-01,1.171875000000000000e-02,5.078125000000000000e-01
1.214843750000000000e+00,-1.941406250000000000e+00,-5.507812500000000000e-01,2.304687500000000000e-01,6.210937500000000000e-01
-5.937500000000000000e-01,-1.117187500000000000e+00,3.242187500000000000e-01,1.953125000000000000e-01,7.226562500000000000e-01
-1.136718750000000000e+00,-3.632812500000000000e-01,1.125000000000000000e+00,1.640625000000000000e-01,8.164062500000000000e-01
-1.039062500000000000e+00,-3.320312500000000000e-01,0.000000000000000000e+00,1.484375000000000000e-01,7.460937500000000000e-01
-1.371093750000000000e+00,-1.539062500000000000e+00,9.375000000000000000e-01,2.148437500000000000e-01,7.578125000000000000e-01
-8.593750000000000000e-01,-1.375000000000000000e+00,1.167968750000000000e+00,3.984375000000000000e-01,8.476562500000000000e-01
6.523437500000000000e-01,-2.066406250000000000e+00,-8.437500000000000000e-01,4.882812500000000000e-01,8.203125000000000000e-01
-6.562500000000000000e-01,-1.542968750000000000e+00,-8.203125000000000000e-02,6.015625000000000000e-01,9.062500000000000000e-01
7.421875000000000000e-02,-5.000000000000000000e-01,-5.214843750000000000e+00,5.664062500000000000e-01,9.843750000000000000e-01
2.695312500000000000e-01,-8.632812500000000000e-01,-4.617187500000000000e+00,6.093750000000000000e-01,9.453125000000000000e-01
1.011718750000000000e+00,-1.070312500000000000e+00,-5.167968750000000000e+00,8.671875000000000000e-01,9.726562500000000000e-01
1.671875000000000000e+00,-1.335937500000000000e+00,-6.308593750000000000e+00,1.027343750000000000e+00,1.058593750000000000e+00
1.234375000000000000e+00,-1.343750000000000000e+00,-7.367187500000000000e+00,-1.562500000000000000e-02,4.687500000000000000e-02
0.000000000000000000e+00,-1.226562500000000000e+00,-6.722656250000000000e+00,-1.562500000000000000e-02,4.296875000000000000e-02
1.703125000000000000e+00,-2.527343750000000000e+00,-7.679687500000000000e+00,6.250000000000000000e-02,5.468750000000000000e-02
1.671875000000000000e+00,-2.664062500000000000e+00,-8.601562500000000000e+00,2.929687500000000000e-01,2.226562500000000000e-01
7.656250000000000000e-01,-2.710937500000000000e+00,-8.800781250000000000e+00,5.781250000000000000e-01,3.125000000000000000e-01
1.714843750000000000e+00,-5.300781250000000000e+00,-8.921875000000000000e+00,8.242187500000000000e-01,3.164062500000000000e-01
-3.437500000000000000e-01,-6.601562500000000000e+00,-7.390625000000000000e+00,9.726562500000000000e-01,3.359375000000000000e-01
1.796875000000000000e+00,-9.742187500000000000e+00,-8.460937500000000000e+00,9.804687500000000000e-01,3.359375000000000000e-01
2.000000000000000000e+00,-1.071875000000000000e+01,-8.812500000000000000e+00,6.757812500000000000e-01,4.453125000000000000e-01
1.609375000000000000e+00,-1.123437500000000000e+01,-1.310546875000000000e+01,1.085937500000000000e+00,5.625000000000000000e-01
1.390625000000000000e+00,-1.000000000000000000e+01,-1.698828125000000000e+01,-1.406250000000000000e-01,6.679687500000000000e-01
8.906250000000000000e-01,-1.081250000000000000e+01,-2.000000000000000000e+01,1.367187500000000000e-01,7.187500000000000000e-01
2.187500000000000000e+00,-9.148437500000000000e+00,-2.356250000000000000e+01,-0.000000000000000000e+00,7.656250000000000000e-01
-3.203125000000000000e+00,-8.738281250000000000e+00,-2.189062500000000000e+01,1.031250000000000000e+00,8.085937500000000000e-01
-2.921875000000000000e+00,-7.972656250000000000e+00,-1.997656250000000000e+01,0.000000000000000000e+00,7.382812500000000000e-01
-2.667968750000000000e+00,-7.273437500000000000e+00,-1.823046875000000000e+01,0.000000000000000000e+00,6.718750000000000000e-01
-4.011718750000000000e+00,-5.089843750000000000e+00,-1.985546875000000000e+01,1.562500000000000000e-02,7.382812500000000000e-01
-3.269531250000000000e+00,-4.613281250000000000e+00,-1.780468750000000000e+01,2.187500000000000000e-01,8.281250000000000000e-01
-1.484375000000000000e+00,-5.273437500000000000e+00,-2.137109375000000000e+01,3.710937500000000000e-01,8.789062500000000000e-01
-6.835937500000000000e-01,-5.171875000000000000e+00,-2.023437500000000000e+01,3.398437500000000000e-01,9.257812500000000000e-01
-3.015625000000000000e+00,-3.453125000000000000e+00,-1.768359375000000000e+01,4.335937500000000000e-01,9.375000000000000000e-01
-1.812500000000000000e+00,-5.386718750000000000e+00,-2.051171875000000000e+01,8.789062500000000000e-01,9.023437500000000000e-01
-1.652343750000000000e+00,-4.914062500000000000e+00,-1.871875000000000000e+01,8.007812500000000000e-01,8.242187500000000000e-01
-1.210937500000000000e+00,-5.562500000000000000e+00,-2.161328125000000000e+01,1.121093750000000000e+00,8.476562500000000000e-01
-4.023437500000000000e-01,-6.714843750000000000e+00,-1.945703125000000000e+01,4.843750000000000000e-01,8.828125000000000000e-01
-3.046875000000000000e-01,-7.503906250000000000e+00,-1.778515625000000000e+01,8.320312500000000000e-01,8.984375000000000000e-01
-2.261718750000000000e+00,-8.941406250000000000e+00,-1.512109375000000000e+01,1.289062500000000000e+00,9.453125000000000000e-01
-5.843750000000000000e+00,-8.847656250000000000e+00,-1.331250000000000000e+01,-7.812500000000000000e-02,9.726562500000000000e-01
-8.785156250000000000e+00,-1.127734375000000000e+01,-1.174218750000000000e+01,1.171875000000000000e-01,8.867187500000000000e-01
-6.656250000000000000e+00,-1.185156250000000000e+01,-1.193359375000000000e+01,-6.601562500000000000e-01,9.335937500000000000e-01
-7.886718750000000000e+00,-1.433203125000000000e+01,-1.085937500000000000e+01,-3.671875000000000000e-01,8.515625000000000000e-01
-7.867187500000000000e+00,-1.700000000000000000e+01,-1.020703125000000000e+01,1.429687500000000000e+00,8.398437500000000000e-01
-1.066406250000000000e+01,-1.626171875000000000e+01,-7.828125000000000000e+00,8.125000000000000000e-01,8.437500000000000000e-01
-8.324218750000000000e+00,-2.083984375000000000e+01,-8.144531250000000000e+00,1.179687500000000000e+00,8.476562500000000000e-01
-8.722656250000000000e+00,-2.040625000000000000e+01,-6.402343750000000000e+00,1.281250000000000000e+00,8.515625000000000000e-01
-8.257812500000000000e+00,-2.633984375000000000e+01,-4.140625000000000000e+00,1.125000000000000000e+00,9.335937500000000000e-01
-8.863281250000000000e+00,-2.501953125000000000e+01,-2.886718750000000000e+00,1.187500000000000000e+00,8.828125000000000000e-01
-9.414062500000000000e+00,-3.189453125000000000e+01,-1.953125000000000000e-01,1.890625000000000000e+00,8.984375000000000000e-01
-1.966796875000000000e+01,-3.044921875000000000e+01,1.664062500000000000e+00,3.203125000000000000e+00,9.765625000000000000e-01
-2.755468750000000000e+01,-3.644140625000000000e+01,2.343750000000000000e+00,2.203125000000000000e+00,1.000000000000000000e+00
-2.289453125000000000e+01,-3.866015625000000000e+01,7.812500000000000000e-02,-9.687500000000000000e-01,1.054687500000000000e+00
-2.732812500000000000e+01,-3.999609375000000000e+01,-1.851562500000000000e+00,2.117187500000000000e+00,7.812500000000000000e-02
-3.060937500000000000e+01,-3.891796875000000000e+01,-2.769531250000000000e+00,-1.453125000000000000e+00,2.578125000000000000e-01
-3.441406250000000000e+01,-3.949609375000000000e+01,-4.292968750000000000e+00,-2.730468750000000000e+00,3.125000000000000000e-01
-3.069921875000000000e+01,-3.896093750000000000e+01,-2.339843750000000000e+00,-2.882812500000000000e+00,3.320312500000000000e-01
-2.348046875000000000e+01,-3.864453125000000000e+01,-3.808593750000000000e+00,6.835937500000000000e-01,4.765625000000000000e-01
-1.812890625000000000e+01,-3.252734375000000000e+01,-5.570312500000000000e+00,3.000000000000000000e+00,5.117187500000000000e-01
-1.683984375000000000e+01,-3.107031250000000000e+01,-4.019531250000000000e+00,9.531250000000000000e-01,5.781250000000000000e-01
-1.180468750000000000e+01,-2.789843750000000000e+01,-5.511718750000000000e+00,2.980468750000000000e+00,5.585937500000000000e-01
-1.042968750000000000e+01,-2.411328125000000000e+01,-4.859375000000000000e+00,-9.375000000000000000e-02,6.328125000000000000e-01
-4.109375000000000000e+00,-2.217578125000000000e+01,-1.202734375000000000e+01,1.226562500000000000e+00,6.406250000000000000e-01
-8.984375000000000000e+00,-2.204687500000000000e+01,-1.730468750000000000e+01,3.296875000000000000e+00,6.953125000000000000e-01
-3.136718750000000000e+00,-2.436718750000000000e+01,-2.260156250000000000e+01,3.234375000000000000e+00,6.953125000000000000e-01
-2.226562500000000000e-01,-2.839062500000000000e+01,-2.467187500000000000e+01,8.437500000000000000e-01,7.421875000000000000e-01
-3.515625000000000000e+00,-2.585937500000000000e+01,-2.608984375000000000e+01,2.707031250000000000e+00,8.007812500000000000e-01
-1.659765625000000000e+01,-2.139453125000000000e+01,-2.730859375000000000e+01,2.375000000000000000e+00,7.773437500000000000e-01
-1.676953125000000000e+01,-1.824218750000000000e+01,-2.888671875000000000e+01,5.781250000000000000e-01,7.890625000000000000e-01
-1.678515625000000000e+01,-1.872265625000000000e+01,-2.551562500000000000e+01,1.699218750000000000e+00,8.437500000000000000e-01
-1.312890625000000000e+01,-1.630468750000000000e+01,-2.695312500000000000e+01,-4.687500000000000000e-01,8.476562500000000000e-01
-1.198046875000000000e+01,-1.487890625000000000e+01,-2.459375000000000000e+01,-4.296875000000000000e-01,7.734375000000000000e-01
-2.557421875000000000e+01,-1.017187500000000000e+01,-2.037890625000000000e+01,2.734375000000000000e+00,7.382812500000000000e-01
-2.133593750000000000e+01,-9.140625000000000000e+00,-1.884765625000000000e+01,-4.046875000000000000e+00,8.281250000000000000e-01
-2.159375000000000000e+01,-7.214843750000000000e+00,-2.229296875000000000e+01,-1.957031250000000000e+00,8.632812500000000000e-01
-1.970312500000000000e+01,-6.582031250000000000e+00,-2.034375000000000000e+01,-1.785156250000000000e+00,7.890625000000000000e-01
-2.130859375000000000e+01,-5.976562500000000000e+00,-2.310937500000000000e+01,8.554687500000000000e-01,8.281250000000000000e-01
-1.705468750000000000e+01,-5.125000000000000000e+00,-2.139843750000000000e+01,4.531250000000000000e-01,8.632812500000000000e-01
-1.556250000000000000e+01,-4.675781250000000000e+00,-1.952734375000000000e+01,4.140625000000000000e-01,7.890625000000000000e-01
-1.626171875000000000e+01,-4.921875000000000000e+00,-2.327343750000000000e+01,2.675781250000000000e+00,8.281250000000000000e-01
-1.483984375000000000e+01,-4.492187500000000000e+00,-2.123828125000000000e+01,0.000000000000000000e+00,7.539062500000000000e-01
-1.354296875000000000e+01,-4.097656250000000000e+00,-1.937890625000000000e+01,0.000000000000000000e+00,6.875000000000000000e-01
-1.029687500000000000e+01,-3.269531250000000000e+00,-1.727734375000000000e+01,-2.968750000000000000e-01,7.851562500000000000e-01
-1.169140625000000000e+01,-1.984375000000000000e+00,-1.737500000000000000e+01,7.460937500000000000e-01,8.242187500000000000e-01
-9.136718750000000000e+00,-2.296875000000000000e+00,-1.846484375000000000e+01,9.140625000000000000e-01,9.101562500000000000e-01
-5.757812500000000000e+00,-3.253906250000000000e+00,-2.141015625000000000e+01,8.359375000000000000e-01,9.882812500000000000e-01
-5.253906250000000000e+00,-2.968750000000000000e+00,-1.953515625000000000e+01,7.617187500000000000e-01,9.023437500000000000e-01
-4.792968750000000000e+00,-2.710937500000000000e+00,-1.782421875000000000e+01,6.953125000000000000e-01,8.242187500000000000e-01
-5.703125000000000000e+00,-4.582031250000000000e+00,-2.368750000000000000e+01,2.023437500000000000e+00,8.789062500000000000e-01
-3.890625000000000000e+00,-3.945312500000000000e+00,-2.836328125000000000e+01,1.562500000000000000e-01,9.101562500000000000e-01
-3.550781250000000000e+00,-3.601562500000000000e+00,-2.588281250000000000e+01,1.406250000000000000e-01,8.320312500000000000e-01
-2.066406250000000000e+00,-6.753906250000000000e+00,-2.299218750000000000e+01,1.207031250000000000e+00,8.046875000000000000e-01
-4.355468750000000000e+00,-4.398437500000000000e+00,-2.815234375000000000e+01,7.343750000000000000e-01,8.593750000000000000e-01
-3.972656250000000000e+00,-4.011718750000000000e+00,-2.568750000000000000e+01,6.718750000000000000e-01,7.851562500000000000e-01
-6.312500000000000000e+00,-1.566406250000000000e+00,-2.428515625000000000e+01,1.300781250000000000e+00,8.398437500000000000e-01
-4.933593750000000000e+00,-2.445312500000000000e+00,-2.312890625000000000e+01,3.437500000000000000e-01,8.906250000000000000e-01
-4.500000000000000000e+00,-2.230468750000000000e+00,-2.110546875000000000e+01,3.125000000000000000e-01,8.125000000000000000e-01
-7.511718750000000000e+00,-4.414062500000000000e-01,-2.063281250000000000e+01,9.726562500000000000e-01,8.203125000000000000e-01
-6.089843750000000000e+00,-3.710937500000000000e-01,-2.000000000000000000e+01,9.648437500000000000e-01,8.750000000000000000e-01
-5.558593750000000000e+00,-3.398437500000000000e-01,-1.825000000000000000e+01,8.789062500000000000e-01,7.968750000000000000e-01
-4.367187500000000000e+00,-9.023437500000000000e-01,-1.604296875000000000e+01,7.539062500000000000e-01,8.515625000000000000e-01
-6.203125000000000000e+00,8.476562500000000000e-01,-1.334375000000000000e+01,9.218750000000000000e-01,9.179687500000000000e-01
-6.488281250000000000e+00,5.703125000000000000e-01,-1.111328125000000000e+01,7.617187500000000000e-01,8.828125000000000000e-01
-5.921875000000000000e+00,5.195312500000000000e-01,-1.014062500000000000e+01,6.953125000000000000e-01,8.046875000000000000e-01
-7.621093750000000000e+00,2.144531250000000000e+00,-7.957031250000000000e+00,8.671875000000000000e-01,8.750000000000000000e-01
-6.750000000000000000e+00,-4.062500000000000000e-01,-7.121093750000000000e+00,8.867187500000000000e-01,8.437500000000000000e-01
-6.160156250000000000e+00,-3.710937500000000000e-01,-6.496093750000000000e+00,8.085937500000000000e-01,7.695312500000000000e-01
-5.417968750000000000e+00,-7.460937500000000000e-01,-5.785156250000000000e+00,8.320312500000000000e-01,7.500000000000000000e-01
-4.945312500000000000e+00,-6.796875000000000000e-01,-5.277343750000000000e+00,7.578125000000000000e-01,6.835937500000000000e-01
-5.652343750000000000e+00,-1.992187500000000000e-01,-4.050781250000000000e+00,8.632812500000000000e-01,7.031250000000000000e-01
-7.203125000000000000e+00,1.003906250000000000e+00,-2.617187500000000000e+00,1.070312500000000000e+00,8.125000000000000000e-01
-6.574218750000000000e+00,0.000000000000000000e+00,-2.386718750000000000e+00,0.000000000000000000e+00,7.421875000000000000e-01
-6.000000000000000000e+00,0.000000000000000000e+00,-2.179687500000000000e+00,0.000000000000000000e+00,6.757812500000000000e-01
-6.914062500000000000e+00,1.015625000000000000e+00,-1.222656250000000000e+00,2.031250000000000000e-01,7.734375000000000000e-01
-5.964843750000000000e+00,-7.812500000000000000e-02,-8.203125000000000000e-01,3.398437500000000000e-01,7.851562500000000000e-01
-6.535156250000000000e+00,4.609375000000000000e-01,3.125000000000000000e-02,5.273437500000000000e-01,8.710937500000000000e-01
-6.261718750000000000e+00,6.093750000000000000e-01,2.734375000000000000e-02,5.429687500000000000e-01,8.554687500000000000e-01
-5.324218750000000000e+00,5.859375000000000000e-01,3.359375000000000000e-01,6.992187500000000000e-01,9.375000000000000000e-01
-4.468750000000000000e+00,5.664062500000000000e-01,6.171875000000000000e-01,8.398437500000000000e-01,1.011718750000000000e+00
-4.078125000000000000e+00,5.156250000000000000e-01,5.625000000000000000e-01,7.656250000000000000e-01,0.000000000000000000e+00
-4.019531250000000000e+00,6.562500000000000000e-01,5.117187500000000000e-01,7.617187500000000000e-01,6.250000000000000000e-02
-3.777343750000000000e+00,1.222656250000000000e+00,6.406250000000000000e-01,8.671875000000000000e-01,2.304687500000000000e-01
-3.554687500000000000e+00,6.250000000000000000e-01,7.578125000000000000e-01,9.648437500000000000e-01,3.828125000000000000e-01
-4.960937500000000000e+00,-7.109375000000000000e-01,1.191406250000000000e+00,1.035156250000000000e+00,4.101562500000000000e-01
-5.824218750000000000e+00,-4.140625000000000000e-01,6.718750000000000000e-01,1.093750000000000000e-01,4.531250000000000000e-01
-6.894531250000000000e+00,-1.332031250000000000e+00,1.269531250000000000e+00,3.203125000000000000e-01,5.078125000000000000e-01
-6.324218750000000000e+00,-2.699218750000000000e+00,1.406250000000000000e-01,5.429687500000000000e-01,6.054687500000000000e-01
-7.019531250000000000e+00,-2.121093750000000000e+00,8.164062500000000000e-01,6.523437500000000000e-01,7.070312500000000000e-01
-6.296875000000000000e+00,-3.089843750000000000e+00,1.042968750000000000e+00,9.062500000000000000e-01,8.164062500000000000e-01
-7.667968750000000000e+00,-3.695312500000000000e+00,3.593750000000000000e-01,8.906250000000000000e-01,7.617187500000000000e-01
-8.214843750000000000e+00,-3.261718750000000000e+00,-2.656250000000000000e-01,1.093750000000000000e+00,7.890625000000000000e-01
-7.496093750000000000e+00,-2.976562500000000000e+00,-2.421875000000000000e-01,0.000000000000000000e+00,7.187500000000000000e-01
-5.355468750000000000e+00,-3.417968750000000000e+00,-1.050781250000000000e+00,1.718750000000000000e-01,7.812500000000000000e-01
-7.855468750000000000e+00,-3.304687500000000000e+00,5.859375000000000000e-02,-2.500000000000000000e-01,7.890625000000000000e-01
-1.008984375000000000e+01,-3.593750000000000000e+00,1.835937500000000000e+00,-3.515625000000000000e-01,8.593750000000000000e-01
-9.347656250000000000e+00,-1.843750000000000000e+00,5.468750000000000000e-01,-1.328125000000000000e-01,9.570312500000000000e-01
-9.203125000000000000e+00,-2.371093750000000000e+00,2.031250000000000000e+00,-4.179687500000000000e-01,9.375000000000000000e-01
-9.210937500000000000e+00,-4.914062500000000000e+00,-2.500000000000000000e-01,-3.359375000000000000e-01,9.648437500000000000e-01
-9.796875000000000000e+00,-6.515625000000000000e+00,6.484375000000000000e-01,-4.609375000000000000e-01,9.882812500000000000e-01
-5.753906250000000000e+00,-8.898437500000000000e+00,2.929687500000000000e-01,-3.593750000000000000e-01,1.058593750000000000e+00
-6.093750000000000000e+00,-6.917968750000000000e+00,1.687500000000000000e+00,-7.187500000000000000e-01,1.406250000000000000e-01
-2.078125000000000000e+00,-1.123437500000000000e+01,-4.218750000000000000e-01,-1.781250000000000000e+00,1.445312500000000000e-01
-1.894531250000000000e+00,-1.025000000000000000e+01,-3.867187500000000000e-01,-1.625000000000000000e+00,1.328125000000000000e-01
-1.542968750000000000e+00,-8.914062500000000000e+00,-1.796875000000000000e-01,-1.375000000000000000e+00,2.304687500000000000e-01
-4.687500000000000000e+00,-7.476562500000000000e+00,2.734375000000000000e-01,-8.632812500000000000e-01,2.890625000000000000e-01
-4.136718750000000000e+00,-6.496093750000000000e+00,4.062500000000000000e-01,-7.265625000000000000e-01,2.968750000000000000e-01
-7.085937500000000000e+00,-4.457031250000000000e+00,1.183593750000000000e+00,-2.578125000000000000e-01,3.476562500000000000e-01
-6.464843750000000000e+00,-4.066406250000000000e+00,0.000000000000000000e+00,-2.343750000000000000e-01,3.164062500000000000e-01
-4.335937500000000000e+00,-3.039062500000000000e+00,-8.750000000000000000e-01,-2.460937500000000000e-01,4.453125000000000000e-01
-3.253906250000000000e+00,-2.007812500000000000e+00,-1.953125000000000000e+00,-1.757812500000000000e-01,5.156250000000000000e-01
-6.203125000000000000e+00,-1.066406250000000000e+00,-1.328125000000000000e+00,2.773437500000000000e-01,6.250000000000000000e-01
-4.785156250000000000e+00,1.992187500000000000e-01,-1.851562500000000000e+00,4.101562500000000000e-01,7.265625000000000000e-01
-6.414062500000000000e+00,4.335937500000000000e-01,-2.238281250000000000e+00,7.968750000000000000e-01,7.421875000000000000e-01
-5.648437500000000000e+00,1.660156250000000000e+00,-2.949218750000000000e+00,3.515625000000000000e-01,7.226562500000000000e-01
-5.167968750000000000e+00,1.406250000000000000e+00,-7.597656250000000000e+00,5.234375000000000000e-01,8.164062500000000000e-01
-6.074218750000000000e+00,5.156250000000000000e-01,-5.496093750000000000e+00,5.859375000000000000e-01,9.023437500000000000e-01
-5.199218750000000000e+00,9.375000000000000000e-01,-9.796875000000000000e+00,7.382812500000000000e-01,9.335937500000000000e-01
-4.074218750000000000e+00,-1.082031250000000000e+00,-8.832031250000000000e+00,9.218750000000000000e-01,9.609375000000000000e-01
-3.578125000000000000e+00,-3.476562500000000000e-01,-8.121093750000000000e+00,6.679687500000000000e-01,9.218750000000000000e-01
-2.015625000000000000e+00,-8.476562500000000000e-01,-9.425781250000000000e+00,7.968750000000000000e-01,9.179687500000000000e-01
-1.636718750000000000e+00,-1.179687500000000000e+00,-8.460937500000000000e+00,8.203125000000000000e-01,8.828125000000000000e-01
-1.492187500000000000e+00,-1.078125000000000000e+00,-7.718750000000000000e+00,7.500000000000000000e-01,8.046875000000000000e-01
-1.953125000000000000e-02,-3.437500000000000000e+00,-1.029296875000000000e+01,1.027343750000000000e+00,7.812500000000000000e-01
6.523437500000000000e-01,-3.496093750000000000e+00,-1.012500000000000000e+01,0.000000000000000000e+00,8.359375000000000000e-01
8.437500000000000000e-01,-3.488281250000000000e+00,-9.082031250000000000e+00,1.406250000000000000e-01,8.867187500000000000e-01
1.113281250000000000e+00,-3.261718750000000000e+00,-7.992187500000000000e+00,2.851562500000000000e-01,8.867187500000000000e-01
1.000000000000000000e+00,-4.210937500000000000e+00,-7.105468750000000000e+00,4.335937500000000000e-01,9.648437500000000000e-01
-1.132812500000000000e+00,-2.656250000000000000e+00,-5.406250000000000000e+00,6.757812500000000000e-01,1.050781250000000000e+00
-2.539062500000000000e-01,-3.859375000000000000e+00,-6.261718750000000000e+00,7.265625000000000000e-01,4.687500000000000000e-02
1.132812500000000000e-01,-3.601562500000000000e+00,-5.417968750000000000e+00,8.203125000000000000e-01,1.210937500000000000e-01
-1.992187500000000000e+00,-2.207031250000000000e+00,-3.882812500000000000e+00,9.843750000000000000e-01,2.031250000000000000e-01
-1.601562500000000000e-01,-3.031250000000000000e+00,-4.152343750000000000e+00,8.515625000000000000e-01,2.773437500000000000e-01
2.148437500000000000e-01,-2.500000000000000000e+00,-4.820312500000000000e+00,1.027343750000000000e+00,4.101562500000000000e-01
5.859375000000000000e-01,-2.250000000000000000e+00,-4.085937500000000000e+00,2.031250000000000000e-01,5.312500000000000000e-01
5.351562500000000000e-01,-2.054687500000000000e+00,-3.726562500000000000e+00,1.835937500000000000e-01,4.843750000000000000e-01
-9.492187500000000000e-01,-1.953125000000000000e+00,-2.449218750000000000e+00,4.179687500000000000e-01,6.132812500000000000e-01
3.906250000000000000e-02,-1.859375000000000000e+00,-2.875000000000000000e+00,3.046875000000000000e-01,6.210937500000000000e-01
8.476562500000000000e-01,-3.367187500000000000e+00,-2.609375000000000000e+00,3.398437500000000000e-01,6.132812500000000000e-01
-6.171875000000000000e-01,-1.667968750000000000e+00,-2.101562500000000000e+00,3.710937500000000000e-01,6.679687500000000000e-01
-3.750000000000000000e-01,-1.085937500000000000e+00,-1.746093750000000000e+00,4.492187500000000000e-01,7.187500000000000000e-01
1.203125000000000000e+00,-9.296875000000000000e-01,-1.609375000000000000e+00,2.539062500000000000e-01,8.281250000000000000e-01
1.453125000000000000e+00,-2.378906250000000000e+00,-8.281250000000000000e-01,2.148437500000000000e-01,9.101562500000000000e-01
-1.031250000000000000e+00,-1.281250000000000000e+00,-1.601562500000000000e-01,5.468750000000000000e-02,9.882812500000000000e-01
-9.765625000000000000e-02,-1.433593750000000000e+00,6.210937500000000000e-01,6.640625000000000000e-02,1.058593750000000000e+00
1.238281250000000000e+00,-1.449218750000000000e+00,-9.648437500000000000e-01,-1.562500000000000000e-01,6.250000000000000000e-02
0.000000000000000000e+00,-1.324218750000000000e+00,-8.789062500000000000e-01,-1.406250000000000000e-01,5.859375000000000000e-02
0.000000000000000000e+00,-1.207031250000000000e+00,-8.007812500000000000e-01,-1.289062500000000000e-01,5.468750000000000000e-02
1.328125000000000000e+00,-1.242187500000000000e+00,-2.261718750000000000e+00,-3.359375000000000000e-01,1.132812500000000000e-01
2.031250000000000000e-01,-1.539062500000000000e+00,-1.921875000000000000e+00,-2.109375000000000000e-01,1.484375000000000000e-01
4.335937500000000000e-01,-1.703125000000000000e+00,-1.597656250000000000e+00,-5.078125000000000000e-02,2.617187500000000000e-01
3.906250000000000000e-03,-6.953125000000000000e-01,-1.457031250000000000e+00,0.000000000000000000e+00,4.101562500000000000e-01
1.003906250000000000e+00,-1.867187500000000000e+00,-1.140625000000000000e+00,1.718750000000000000e-01,5.312500000000000000e-01
3.437500000000000000e-01,-1.781250000000000000e+00,-7.421875000000000000e-01,3.125000000000000000e-01,5.625000000000000000e-01
5.156250000000000000e-01,-2.031250000000000000e+00,-5.351562500000000000e-01,3.789062500000000000e-01,5.585937500000000000e-01
1.484375000000000000e+00,-1.367187500000000000e+00,-2.316406250000000000e+00,3.789062500000000000e-01,6.015625000000000000e-01
0.000000000000000000e+00,-1.246093750000000000e+00,-2.113281250000000000e+00,3.476562500000000000e-01,5.507812500000000000e-01
